ID,VSLCODE,TANKCATEGORY,TANKNAME,SG,SOUNDING,VOLUMEINPERCENTAGE,VOLUMEINCUBE,LCGLPP,VCGBL,TCG,FSM
1,SMB,CARGO,HOLD1,1,0,0,0,282.53,4,0,0
2,SMB,CARGO,HOLD1,1,1,0.034,750,282.53,4.5,0,0
3,SMB,CARGO,HOLD1,1,2,0.069,1500,282.53,5,0,0
4,SMB,CARGO,HOLD1,1,3,0.101,2200,282.53,5.55,0,0
5,SMB,CARGO,HOLD1,1,4,0.142,3100,282.53,6.1,0,0
6,SMB,CARGO,HOLD1,1,5,0.19,4150,282.53,6.65,0,0
7,SMB,CARGO,HOLD1,1,6,0.234,5100,282.53,7.2,0,0
8,SMB,CARGO,HOLD1,1,7,0.279,6100,282.53,7.75,0,0
9,SMB,CARGO,HOLD1,1,8,0.327,7150,282.53,8.3,0,0
10,SMB,CARGO,HOLD1,1,9,0.371,8100,282.53,8.8,0,0
11,SMB,CARGO,HOLD1,1,10,0.419,9150,282.53,9.33,0,0
12,SMB,CARGO,HOLD1,1,11,0.465,10150,282.53,9.83,0,0
13,SMB,CARGO,HOLD1,1,12,0.511,11150,282.53,10.38,0,0
14,SMB,CARGO,HOLD1,1,13,0.556,12150,282.53,10.88,0,0
15,SMB,CARGO,HOLD1,1,14,0.604,13200,282.53,11.35,0,0
16,SMB,CARGO,HOLD1,1,15,0.648,14150,282.53,11.85,0,0
17,SMB,CARGO,HOLD1,1,16,0.698,15250,282.53,12.4,0,0
18,SMB,CARGO,HOLD1,1,17,0.74,16150,282.53,12.85,0,0
19,SMB,CARGO,HOLD1,1,18,0.788,17200,282.53,13.4,0,0
20,SMB,CARGO,HOLD1,1,19,0.833,18200,282.53,13.85,0,0
21,SMB,CARGO,HOLD1,1,20,0.879,19200,282.53,14.4,0,0
22,SMB,CARGO,HOLD1,1,21,0.925,20200,282.53,14.85,0,0
23,SMB,CARGO,HOLD1,1,22,0.971,21200,282.53,15.35,0,0
24,SMB,CARGO,HOLD1,1,23,0.996,21750,282.53,15.55,0,0
25,SMB,CARGO,HOLD1,1,23.28,1,21838.8,282.53,15.62,0,0
26,SMB,CARGO,HOLD2,1,0,0,0,237.49,4,0,0
27,SMB,CARGO,HOLD2,1,1,0.034,1200,237.49,4.5,0,0
28,SMB,CARGO,HOLD2,1,2,0.068,2400,237.49,5,0,0
29,SMB,CARGO,HOLD2,1,3,0.108,3850,237.49,5.55,0,0
30,SMB,CARGO,HOLD2,1,4,0.148,5250,237.49,6.1,0,0
31,SMB,CARGO,HOLD2,1,5,0.193,6850,237.49,6.65,0,0
32,SMB,CARGO,HOLD2,1,6,0.234,8300,237.49,7.2,0,0
33,SMB,CARGO,HOLD2,1,7,0.282,10000,237.49,7.75,0,0
34,SMB,CARGO,HOLD2,1,8,0.329,11700,237.49,8.25,0,0
35,SMB,CARGO,HOLD2,1,9,0.374,13300,237.49,8.8,0,0
36,SMB,CARGO,HOLD2,1,10,0.422,15000,237.49,9.25,0,0
37,SMB,CARGO,HOLD2,1,11,0.47,16700,237.49,9.85,0,0
38,SMB,CARGO,HOLD2,1,12,0.515,18300,237.49,10.3,0,0
39,SMB,CARGO,HOLD2,1,13,0.563,20000,237.49,10.85,0,0
40,SMB,CARGO,HOLD2,1,14,0.609,21650,237.49,11.35,0,0
41,SMB,CARGO,HOLD2,1,15,0.653,23200,237.49,11.85,0,0
42,SMB,CARGO,HOLD2,1,16,0.704,25000,237.49,12.4,0,0
43,SMB,CARGO,HOLD2,1,17,0.749,26600,237.49,12.85,0,0
44,SMB,CARGO,HOLD2,1,18,0.797,28300,237.49,13.4,0,0
45,SMB,CARGO,HOLD2,1,19,0.843,29950,237.49,13.85,0,0
46,SMB,CARGO,HOLD2,1,20,0.89,31600,237.49,14.4,0,0
47,SMB,CARGO,HOLD2,1,21,0.935,33200,237.49,14.85,0,0
48,SMB,CARGO,HOLD2,1,22,0.974,34600,237.49,15.35,0,0
49,SMB,CARGO,HOLD2,1,23,0.992,35250,237.49,15.55,0,0
50,SMB,CARGO,HOLD2,1,23.28,1,35521.7,237.49,15.59,0,0
51,SMB,CARGO,HOLD3,1,0,0,0,183.05,4,0,0
52,SMB,CARGO,HOLD3,1,1,0.034,1200,183.05,4.5,0,0
53,SMB,CARGO,HOLD3,1,2,0.068,2400,183.05,5,0,0
54,SMB,CARGO,HOLD3,1,3,0.108,3850,183.05,5.55,0,0
55,SMB,CARGO,HOLD3,1,4,0.148,5250,183.05,6.1,0,0
56,SMB,CARGO,HOLD3,1,5,0.193,6850,183.05,6.65,0,0
57,SMB,CARGO,HOLD3,1,6,0.234,8300,183.05,7.2,0,0
58,SMB,CARGO,HOLD3,1,7,0.282,10000,183.05,7.75,0,0
59,SMB,CARGO,HOLD3,1,8,0.329,11700,183.05,8.25,0,0
60,SMB,CARGO,HOLD3,1,9,0.375,13300,183.05,8.8,0,0
61,SMB,CARGO,HOLD3,1,10,0.422,15000,183.05,9.25,0,0
62,SMB,CARGO,HOLD3,1,11,0.47,16700,183.05,9.85,0,0
63,SMB,CARGO,HOLD3,1,12,0.515,18300,183.05,10.3,0,0
64,SMB,CARGO,HOLD3,1,13,0.563,20000,183.05,10.85,0,0
65,SMB,CARGO,HOLD3,1,14,0.61,21650,183.05,11.35,0,0
66,SMB,CARGO,HOLD3,1,15,0.653,23200,183.05,11.85,0,0
67,SMB,CARGO,HOLD3,1,16,0.704,25000,183.05,12.4,0,0
68,SMB,CARGO,HOLD3,1,17,0.749,26600,183.05,12.85,0,0
69,SMB,CARGO,HOLD3,1,18,0.797,28300,183.05,13.4,0,0
70,SMB,CARGO,HOLD3,1,19,0.843,29950,183.05,13.85,0,0
71,SMB,CARGO,HOLD3,1,20,0.89,31600,183.05,14.4,0,0
72,SMB,CARGO,HOLD3,1,21,0.935,33200,183.05,14.85,0,0
73,SMB,CARGO,HOLD3,1,22,0.974,34600,183.05,15.35,0,0
74,SMB,CARGO,HOLD3,1,23,0.993,35250,183.05,15.55,0,0
75,SMB,CARGO,HOLD3,1,23.28,1,35508.9,183.05,15.59,0,0
76,SMB,CARGO,HOLD4,1,0,0,0,128.59,4,0,0
77,SMB,CARGO,HOLD4,1,1,0.034,1200,128.59,4.5,0,0
78,SMB,CARGO,HOLD4,1,2,0.068,2400,128.59,5,0,0
79,SMB,CARGO,HOLD4,1,3,0.108,3850,128.59,5.55,0,0
80,SMB,CARGO,HOLD4,1,4,0.148,5250,128.59,6.1,0,0
81,SMB,CARGO,HOLD4,1,5,0.193,6850,128.59,6.65,0,0
82,SMB,CARGO,HOLD4,1,6,0.234,8300,128.59,7.2,0,0
83,SMB,CARGO,HOLD4,1,7,0.282,10000,128.59,7.75,0,0
84,SMB,CARGO,HOLD4,1,8,0.329,11700,128.59,8.25,0,0
85,SMB,CARGO,HOLD4,1,9,0.374,13300,128.59,8.8,0,0
86,SMB,CARGO,HOLD4,1,10,0.422,15000,128.59,9.25,0,0
87,SMB,CARGO,HOLD4,1,11,0.47,16700,128.59,9.85,0,0
88,SMB,CARGO,HOLD4,1,12,0.515,18300,128.59,10.3,0,0
89,SMB,CARGO,HOLD4,1,13,0.563,20000,128.59,10.85,0,0
90,SMB,CARGO,HOLD4,1,14,0.61,21650,128.59,11.35,0,0
91,SMB,CARGO,HOLD4,1,15,0.653,23200,128.59,11.85,0,0
92,SMB,CARGO,HOLD4,1,16,0.704,25000,128.59,12.4,0,0
93,SMB,CARGO,HOLD4,1,17,0.749,26600,128.59,12.85,0,0
94,SMB,CARGO,HOLD4,1,18,0.797,28300,128.59,13.4,0,0
95,SMB,CARGO,HOLD4,1,19,0.843,29950,128.59,13.85,0,0
96,SMB,CARGO,HOLD4,1,20,0.89,31600,128.59,14.4,0,0
97,SMB,CARGO,HOLD4,1,21,0.935,33200,128.59,14.85,0,0
98,SMB,CARGO,HOLD4,1,22,0.974,34600,128.59,15.35,0,0
99,SMB,CARGO,HOLD4,1,23,0.992,35250,128.59,15.55,0,0
100,SMB,CARGO,HOLD4,1,23.28,1,35520.4,128.59,15.59,0,0
101,SMB,CARGO,HOLD5,1,0,0,0,73.23,3.2,0,0
102,SMB,CARGO,HOLD5,1,1,0.005,200,73.23,4.08,0,0
103,SMB,CARGO,HOLD5,1,2,0.033,1200,73.23,4.6,0,0
104,SMB,CARGO,HOLD5,1,3,0.071,2600,73.23,5.15,0,0
105,SMB,CARGO,HOLD5,1,4,0.11,4000,73.23,5.65,0,0
106,SMB,CARGO,HOLD5,1,5,0.151,5500,73.23,6.2,0,0
107,SMB,CARGO,HOLD5,1,6,0.192,7000,73.23,6.7,0,0
108,SMB,CARGO,HOLD5,1,7,0.234,8500,73.23,7.25,0,0
109,SMB,CARGO,HOLD5,1,8,0.28,10200,73.23,7.8,0,0
110,SMB,CARGO,HOLD5,1,9,0.326,11850,73.23,8.35,0,0
111,SMB,CARGO,HOLD5,1,10,0.374,13600,73.23,8.85,0,0
112,SMB,CARGO,HOLD5,1,11,0.421,15300,73.23,9.4,0,0
113,SMB,CARGO,HOLD5,1,12,0.467,17000,73.23,9.95,0,0
114,SMB,CARGO,HOLD5,1,13,0.515,18750,73.23,10.5,0,0
115,SMB,CARGO,HOLD5,1,14,0.562,20450,73.23,11,0,0
116,SMB,CARGO,HOLD5,1,15,0.61,22200,73.23,11.5,0,0
117,SMB,CARGO,HOLD5,1,16,0.657,23900,73.23,12.05,0,0
118,SMB,CARGO,HOLD5,1,17,0.705,25650,73.23,12.55,0,0
119,SMB,CARGO,HOLD5,1,18,0.752,27350,73.23,13.1,0,0
120,SMB,CARGO,HOLD5,1,19,0.8,29100,73.23,13.6,0,0
121,SMB,CARGO,HOLD5,1,20,0.847,30800,73.23,14.1,0,0
122,SMB,CARGO,HOLD5,1,21,0.893,32500,73.23,14.6,0,0
123,SMB,CARGO,HOLD5,1,22,0.94,34200,73.23,15.1,0,0
124,SMB,CARGO,HOLD5,1,23,0.98,35650,73.23,15.5,0,0
125,SMB,CARGO,HOLD5,1,24.15,1,36378.7,73.23,15.72,0,0
126,SMB,WB,NO.1 W.B.T.(P),1.025,0,0,0,283.78,0,19,4971.25
127,SMB,WB,NO.1 W.B.T.(P),1.025,1,0.03,400,283.78,0.55,19,9788.75
128,SMB,WB,NO.1 W.B.T.(P),1.025,2,0.065,850,283.78,1.05,19,12197.5
129,SMB,WB,NO.1 W.B.T.(P),1.025,3,0.107,1400,283.78,1.6,19,13837.5
130,SMB,WB,NO.1 W.B.T.(P),1.025,4,0.152,2000,283.78,2.15,19,15090.05
131,SMB,WB,NO.1 W.B.T.(P),1.025,4,0.194,2550,283.78,2.7,19,14606.25
132,SMB,WB,NO.1 W.B.T.(P),1.025,6,0.236,3100,283.78,3.2,19,13991.25
133,SMB,WB,NO.1 W.B.T.(P),1.025,7,0.282,3700,283.78,3.7,19,13120
134,SMB,WB,NO.1 W.B.T.(P),1.025,8,0.324,4250,283.78,4.2,19,12095
135,SMB,WB,NO.1 W.B.T.(P),1.025,9,0.366,4800,283.78,4.7,19,11152
136,SMB,WB,NO.1 W.B.T.(P),1.025,10,0.402,5280,283.78,5.15,19,10198.75
137,SMB,WB,NO.1 W.B.T.(P),1.025,11,0.442,5800,283.78,5.65,19,9686.25
138,SMB,WB,NO.1 W.B.T.(P),1.025,12,0.48,6300,283.78,6.1,19,9696.5
139,SMB,WB,NO.1 W.B.T.(P),1.025,13,0.518,6800,283.78,6.55,19,9696.5
140,SMB,WB,NO.1 W.B.T.(P),1.025,14,0.556,7300,283.78,7.07,19,9696.5
141,SMB,WB,NO.1 W.B.T.(P),1.025,15,0.595,7800,283.78,7.55,19,9696.5
142,SMB,WB,NO.1 W.B.T.(P),1.025,16,0.633,8300,283.78,8.02,19,9696.5
143,SMB,WB,NO.1 W.B.T.(P),1.025,17,0.671,8800,283.78,8.47,19,9696.5
144,SMB,WB,NO.1 W.B.T.(P),1.025,18,0.713,9360,283.78,9,19,9706.75
145,SMB,WB,NO.1 W.B.T.(P),1.025,19,0.751,9850,283.78,9.5,19,9706.75
146,SMB,WB,NO.1 W.B.T.(P),1.025,20,0.791,10380,283.78,9.96,19,9706.75
147,SMB,WB,NO.1 W.B.T.(P),1.025,21,0.827,10850,283.78,10.45,19,9717
148,SMB,WB,NO.1 W.B.T.(P),1.025,22,0.865,11350,283.78,10.93,19,9727.25
149,SMB,WB,NO.1 W.B.T.(P),1.025,23,0.906,11880,283.78,11.4,19,9737.5
150,SMB,WB,NO.1 W.B.T.(P),1.025,24,0.945,12400,283.78,11.9,19,9737.5
151,SMB,WB,NO.1 W.B.T.(P),1.025,25,0.983,12900,283.78,12.4,19,9737.5
152,SMB,WB,NO.1 W.B.T.(P),1.025,25.9,1,13119.2,283.78,12.64,19,0
153,SMB,WB,NO.1 W.B.T.(S),1.025,0,0,0,283.78,0,-19,4971.25
154,SMB,WB,NO.1 W.B.T.(S),1.025,1,0.03,400,283.78,0.55,-19,9788.75
155,SMB,WB,NO.1 W.B.T.(S),1.025,2,0.065,850,283.78,1.05,-19,12197.5
156,SMB,WB,NO.1 W.B.T.(S),1.025,3,0.107,1400,283.78,1.6,-19,13837.5
157,SMB,WB,NO.1 W.B.T.(S),1.025,4,0.152,2000,283.78,2.15,-19,15090.05
158,SMB,WB,NO.1 W.B.T.(S),1.025,5,0.194,2550,283.78,2.7,-19,14606.25
159,SMB,WB,NO.1 W.B.T.(S),1.025,6,0.236,3100,283.78,3.2,-19,13991.25
160,SMB,WB,NO.1 W.B.T.(S),1.025,7,0.282,3700,283.78,3.7,-19,13120
161,SMB,WB,NO.1 W.B.T.(S),1.025,8,0.324,4250,283.78,4.2,-19,12095
162,SMB,WB,NO.1 W.B.T.(S),1.025,9,0.366,4800,283.78,4.7,-19,11152
163,SMB,WB,NO.1 W.B.T.(S),1.025,10,0.402,5280,283.78,5.15,-19,10198.75
164,SMB,WB,NO.1 W.B.T.(S),1.025,11,0.442,5800,283.78,5.65,-19,9686.25
165,SMB,WB,NO.1 W.B.T.(S),1.025,12,0.48,6300,283.78,6.1,-19,9696.5
166,SMB,WB,NO.1 W.B.T.(S),1.025,13,0.518,6800,283.78,6.55,-19,9696.5
167,SMB,WB,NO.1 W.B.T.(S),1.025,14,0.556,7300,283.78,7.07,-19,9696.5
168,SMB,WB,NO.1 W.B.T.(S),1.025,15,0.595,7800,283.78,7.55,-19,9696.5
169,SMB,WB,NO.1 W.B.T.(S),1.025,16,0.633,8300,283.78,8.02,-19,9696.5
170,SMB,WB,NO.1 W.B.T.(S),1.025,17,0.671,8800,283.78,8.47,-19,9696.5
171,SMB,WB,NO.1 W.B.T.(S),1.025,18,0.713,9360,283.78,9,-19,9706.75
172,SMB,WB,NO.1 W.B.T.(S),1.025,19,0.751,9850,283.78,9.5,-19,9706.75
173,SMB,WB,NO.1 W.B.T.(S),1.025,20,0.791,10380,283.78,9.96,-19,9706.75
174,SMB,WB,NO.1 W.B.T.(S),1.025,21,0.827,10850,283.78,10.45,-19,9717
175,SMB,WB,NO.1 W.B.T.(S),1.025,22,0.865,11350,283.78,10.93,-19,9727.25
176,SMB,WB,NO.1 W.B.T.(S),1.025,23,0.906,11880,283.78,11.4,-19,9737.5
177,SMB,WB,NO.1 W.B.T.(S),1.025,24,0.945,12400,283.78,11.9,-19,9737.5
178,SMB,WB,NO.1 W.B.T.(S),1.025,25,0.983,12900,283.78,12.4,-19,9737.5
179,SMB,WB,NO.1 W.B.T.(S),1.025,25.9,1,13119.2,283.78,12.64,-19,0
180,SMB,WB,NO.2 W.B.T.(P),1.025,0,0,0,236.99,0,21.5,14503.75
181,SMB,WB,NO.2 W.B.T.(P),1.025,1,0.044,850,236.99,0.5,21.5,19782.5
182,SMB,WB,NO.2 W.B.T.(P),1.025,2,0.09,1750,236.99,1,21.5,20910
183,SMB,WB,NO.2 W.B.T.(P),1.025,3,0.134,2600,236.99,1.55,21.5,21115
184,SMB,WB,NO.2 W.B.T.(P),1.025,4,0.18,3500,236.99,2.02,21.5,21180.6
185,SMB,WB,NO.2 W.B.T.(P),1.025,5,0.229,4450,236.99,2.55,21.5,19321.25
186,SMB,WB,NO.2 W.B.T.(P),1.025,6,0.271,5260,236.99,3,21.5,17476.25
187,SMB,WB,NO.2 W.B.T.(P),1.025,7,0.314,6100,236.99,3.5,21.5,15887.5
188,SMB,WB,NO.2 W.B.T.(P),1.025,8,0.356,6900,236.99,3.93,21.5,14247.5
189,SMB,WB,NO.2 W.B.T.(P),1.025,9,0.394,7650,236.99,4.4,21.5,12812.5
190,SMB,WB,NO.2 W.B.T.(P),1.025,10,0.433,8400,236.99,4.85,21.5,11377.5
191,SMB,WB,NO.2 W.B.T.(P),1.025,11,0.471,9150,236.99,5.25,21.5,10557.5
192,SMB,WB,NO.2 W.B.T.(P),1.025,12,0.508,9860,236.99,5.75,21.5,10557.5
193,SMB,WB,NO.2 W.B.T.(P),1.025,13,0.545,10580,236.99,6.2,21.5,10557.5
194,SMB,WB,NO.2 W.B.T.(P),1.025,14,0.581,11280,236.99,6.67,21.5,10557.5
195,SMB,WB,NO.2 W.B.T.(P),1.025,15,0.618,12000,236.99,7.15,21.5,10557.5
196,SMB,WB,NO.2 W.B.T.(P),1.025,16,0.655,12720,236.99,7.6,21.5,10557.5
197,SMB,WB,NO.2 W.B.T.(P),1.025,17,0.694,13470,236.99,8.1,21.5,10557.5
198,SMB,WB,NO.2 W.B.T.(P),1.025,18,0.729,14150,236.99,8.55,21.5,10557.5
199,SMB,WB,NO.2 W.B.T.(P),1.025,19,0.766,14870,236.99,9.02,21.5,10557.5
200,SMB,WB,NO.2 W.B.T.(P),1.025,20,0.801,15550,236.99,9.53,21.5,10557.5
201,SMB,WB,NO.2 W.B.T.(P),1.025,21,0.837,16250,236.99,10,21.5,10557.5
202,SMB,WB,NO.2 W.B.T.(P),1.025,22,0.876,17000,236.99,10.5,21.5,10557.5
203,SMB,WB,NO.2 W.B.T.(P),1.025,23,0.915,17750,236.99,10.96,21.5,10557.5
204,SMB,WB,NO.2 W.B.T.(P),1.025,24,0.951,18450,236.99,11.47,21.5,10557.5
205,SMB,WB,NO.2 W.B.T.(P),1.025,25,0.988,19170,236.99,11.95,21.5,10557.5
206,SMB,WB,NO.2 W.B.T.(P),1.025,25.65,1,19407.1,236.99,12.11,21.5,0
207,SMB,WB,NO.2 W.B.T.(S),1.025,0,0,0,236.99,0,-21.5,14503.75
208,SMB,WB,NO.2 W.B.T.(S),1.025,1,0.044,850,236.99,0.5,-21.5,19782.5
209,SMB,WB,NO.2 W.B.T.(S),1.025,2,0.09,1750,236.99,1,-21.5,20910
210,SMB,WB,NO.2 W.B.T.(S),1.025,3,0.134,2600,236.99,1.55,-21.5,21115
211,SMB,WB,NO.2 W.B.T.(S),1.025,4,0.18,3500,236.99,2.02,-21.5,21180.6
212,SMB,WB,NO.2 W.B.T.(S),1.025,5,0.229,4450,236.99,2.55,-21.5,19321.25
213,SMB,WB,NO.2 W.B.T.(S),1.025,6,0.271,5260,236.99,3,-21.5,17476.25
214,SMB,WB,NO.2 W.B.T.(S),1.025,7,0.314,6100,236.99,3.5,-21.5,15887.5
215,SMB,WB,NO.2 W.B.T.(S),1.025,8,0.356,6900,236.99,3.93,-21.5,14247.5
216,SMB,WB,NO.2 W.B.T.(S),1.025,9,0.394,7650,236.99,4.4,-21.5,12812.5
217,SMB,WB,NO.2 W.B.T.(S),1.025,10,0.433,8400,236.99,4.85,-21.5,11377.5
218,SMB,WB,NO.2 W.B.T.(S),1.025,11,0.471,9150,236.99,5.25,-21.5,10557.5
219,SMB,WB,NO.2 W.B.T.(S),1.025,12,0.508,9860,236.99,5.75,-21.5,10557.5
220,SMB,WB,NO.2 W.B.T.(S),1.025,13,0.545,10580,236.99,6.2,-21.5,10557.5
221,SMB,WB,NO.2 W.B.T.(S),1.025,14,0.581,11280,236.99,6.67,-21.5,10557.5
222,SMB,WB,NO.2 W.B.T.(S),1.025,15,0.618,12000,236.99,7.15,-21.5,10557.5
223,SMB,WB,NO.2 W.B.T.(S),1.025,16,0.655,12720,236.99,7.6,-21.5,10557.5
224,SMB,WB,NO.2 W.B.T.(S),1.025,17,0.694,13470,236.99,8.1,-21.5,10557.5
225,SMB,WB,NO.2 W.B.T.(S),1.025,18,0.729,14150,236.99,8.55,-21.5,10557.5
226,SMB,WB,NO.2 W.B.T.(S),1.025,19,0.766,14870,236.99,9.02,-21.5,10557.5
227,SMB,WB,NO.2 W.B.T.(S),1.025,20,0.801,15550,236.99,9.53,-21.5,10557.5
228,SMB,WB,NO.2 W.B.T.(S),1.025,21,0.837,16250,236.99,10,-21.5,10557.5
229,SMB,WB,NO.2 W.B.T.(S),1.025,22,0.876,17000,236.99,10.5,-21.5,10557.5
230,SMB,WB,NO.2 W.B.T.(S),1.025,23,0.915,17750,236.99,10.96,-21.5,10557.5
231,SMB,WB,NO.2 W.B.T.(S),1.025,24,0.951,18450,236.99,11.47,-21.5,10557.5
232,SMB,WB,NO.2 W.B.T.(S),1.025,25,0.988,19170,236.99,11.95,-21.5,10557.5
233,SMB,WB,NO.2 W.B.T.(S),1.025,25.65,1,19407.1,236.99,12.11,-21.5,0
234,SMB,WB,NO.3 W.B.T.(P),1.025,0,0,0,182.57,0,21.5,14811.25
235,SMB,WB,NO.3 W.B.T.(P),1.025,1,0.046,885,182.57,0.5,21.5,20500
236,SMB,WB,NO.3 W.B.T.(P),1.025,2,0.092,1785,182.57,1,21.5,21274.9
237,SMB,WB,NO.3 W.B.T.(P),1.025,3,0.136,2635,182.57,1.55,21.5,21274.9
238,SMB,WB,NO.3 W.B.T.(P),1.025,4,0.182,3535,182.57,2.02,21.5,21274.9
239,SMB,WB,NO.3 W.B.T.(P),1.025,5,0.231,4485,182.57,2.55,21.5,19423.75
240,SMB,WB,NO.3 W.B.T.(P),1.025,6,0.272,5295,182.57,2.99,21.5,17527.5
241,SMB,WB,NO.3 W.B.T.(P),1.025,7,0.316,6135,182.57,3.49,21.5,15887.5
242,SMB,WB,NO.3 W.B.T.(P),1.025,8,0.357,6935,182.57,3.92,21.5,14298.75
243,SMB,WB,NO.3 W.B.T.(P),1.025,9,0.395,7685,182.57,4.39,21.5,12761.25
244,SMB,WB,NO.3 W.B.T.(P),1.025,10,0.434,8435,182.57,4.84,21.5,11480
245,SMB,WB,NO.3 W.B.T.(P),1.025,11,0.473,9185,182.57,5.24,21.5,10557.5
246,SMB,WB,NO.3 W.B.T.(P),1.025,12,0.509,9895,182.57,5.74,21.5,10557.5
247,SMB,WB,NO.3 W.B.T.(P),1.025,13,0.546,10615,182.57,6.19,21.5,10557.5
248,SMB,WB,NO.3 W.B.T.(P),1.025,14,0.582,11315,182.57,6.66,21.5,10557.5
249,SMB,WB,NO.3 W.B.T.(P),1.025,15,0.619,12035,182.57,7.14,21.5,10557.5
250,SMB,WB,NO.3 W.B.T.(P),1.025,16,0.656,12755,182.57,7.59,21.5,10557.5
251,SMB,WB,NO.3 W.B.T.(P),1.025,17,0.695,13505,182.57,8.09,21.5,10557.5
252,SMB,WB,NO.3 W.B.T.(P),1.025,18,0.73,14185,182.57,8.54,21.5,10557.5
253,SMB,WB,NO.3 W.B.T.(P),1.025,19,0.767,14905,182.57,9.01,21.5,10557.5
254,SMB,WB,NO.3 W.B.T.(P),1.025,20,0.802,15585,182.57,9.52,21.5,10557.5
255,SMB,WB,NO.3 W.B.T.(P),1.025,21,0.838,16285,182.57,9.99,21.5,10557.5
256,SMB,WB,NO.3 W.B.T.(P),1.025,22,0.876,17035,182.57,10.49,21.5,10557.5
257,SMB,WB,NO.3 W.B.T.(P),1.025,23,0.915,17785,182.57,10.95,21.5,10557.5
258,SMB,WB,NO.3 W.B.T.(P),1.025,24,0.951,18485,182.57,11.46,21.5,10557.5
259,SMB,WB,NO.3 W.B.T.(P),1.025,25,0.988,19205,182.57,11.94,21.5,10557.5
260,SMB,WB,NO.3 W.B.T.(P),1.025,25.65,1,19436.7,182.57,12.1,21.5,0
261,SMB,WB,NO.3 W.B.T.(S),1.025,0,0,0,182.57,0,-21.5,14811.25
262,SMB,WB,NO.3 W.B.T.(S),1.025,1,0.046,885,182.57,0.5,-21.5,20500
263,SMB,WB,NO.3 W.B.T.(S),1.025,2,0.092,1785,182.57,1,-21.5,21274.9
264,SMB,WB,NO.3 W.B.T.(S),1.025,3,0.136,2635,182.57,1.55,-21.5,21274.9
265,SMB,WB,NO.3 W.B.T.(S),1.025,4,0.182,3535,182.57,2.02,-21.5,21274.9
266,SMB,WB,NO.3 W.B.T.(S),1.025,5,0.231,4485,182.57,2.55,-21.5,19423.75
267,SMB,WB,NO.3 W.B.T.(S),1.025,6,0.272,5295,182.57,2.99,-21.5,17527.5
268,SMB,WB,NO.3 W.B.T.(S),1.025,7,0.316,6135,182.57,3.49,-21.5,15887.5
269,SMB,WB,NO.3 W.B.T.(S),1.025,8,0.357,6935,182.57,3.92,-21.5,14298.75
270,SMB,WB,NO.3 W.B.T.(S),1.025,9,0.395,7685,182.57,4.39,-21.5,12761.25
271,SMB,WB,NO.3 W.B.T.(S),1.025,10,0.434,8435,182.57,4.84,-21.5,11480
272,SMB,WB,NO.3 W.B.T.(S),1.025,11,0.473,9185,182.57,5.24,-21.5,10557.5
273,SMB,WB,NO.3 W.B.T.(S),1.025,12,0.509,9895,182.57,5.74,-21.5,10557.5
274,SMB,WB,NO.3 W.B.T.(S),1.025,13,0.546,10615,182.57,6.19,-21.5,10557.5
275,SMB,WB,NO.3 W.B.T.(S),1.025,14,0.582,11315,182.57,6.66,-21.5,10557.5
276,SMB,WB,NO.3 W.B.T.(S),1.025,15,0.619,12035,182.57,7.14,-21.5,10557.5
277,SMB,WB,NO.3 W.B.T.(S),1.025,16,0.656,12755,182.57,7.59,-21.5,10557.5
278,SMB,WB,NO.3 W.B.T.(S),1.025,17,0.695,13505,182.57,8.09,-21.5,10557.5
279,SMB,WB,NO.3 W.B.T.(S),1.025,18,0.73,14185,182.57,8.54,-21.5,10557.5
280,SMB,WB,NO.3 W.B.T.(S),1.025,19,0.767,14905,182.57,9.01,-21.5,10557.5
281,SMB,WB,NO.3 W.B.T.(S),1.025,20,0.802,15585,182.57,9.52,-21.5,10557.5
282,SMB,WB,NO.3 W.B.T.(S),1.025,21,0.838,16285,182.57,9.99,-21.5,10557.5
283,SMB,WB,NO.3 W.B.T.(S),1.025,22,0.876,17035,182.57,10.49,-21.5,10557.5
284,SMB,WB,NO.3 W.B.T.(S),1.025,23,0.915,17785,182.57,10.95,-21.5,10557.5
285,SMB,WB,NO.3 W.B.T.(S),1.025,24,0.951,18485,182.57,11.46,-21.5,10557.5
286,SMB,WB,NO.3 W.B.T.(S),1.025,25,0.988,19205,182.57,11.94,-21.5,10557.5
287,SMB,WB,NO.3 W.B.T.(S),1.025,25.65,1,19436.7,182.57,12.1,-21.5,0
288,SMB,WB,NO.4 W.B.T.(P),1.025,0,0,0,128.15,0,21.5,14555
289,SMB,WB,NO.4 W.B.T.(P),1.025,1,0.044,850,128.15,0.5,21.5,19013.75
290,SMB,WB,NO.4 W.B.T.(P),1.025,2,0.09,1750,128.15,1,21.5,21012.5
291,SMB,WB,NO.4 W.B.T.(P),1.025,3,0.134,2600,128.15,1.55,21.5,21166.25
292,SMB,WB,NO.4 W.B.T.(P),1.025,4,0.18,3500,128.15,2.02,21.5,21274.9
293,SMB,WB,NO.4 W.B.T.(P),1.025,5,0.229,4450,128.15,2.55,21.5,19423.75
294,SMB,WB,NO.4 W.B.T.(P),1.025,6,0.271,5260,128.15,3,21.5,17527.5
295,SMB,WB,NO.4 W.B.T.(P),1.025,7,0.314,6100,128.15,3.5,21.5,15785
296,SMB,WB,NO.4 W.B.T.(P),1.025,8,0.355,6900,128.15,3.93,21.5,14298.75
297,SMB,WB,NO.4 W.B.T.(P),1.025,9,0.394,7650,128.15,4.4,21.5,12761.25
298,SMB,WB,NO.4 W.B.T.(P),1.025,10,0.433,8400,128.15,4.85,21.5,11377.5
299,SMB,WB,NO.4 W.B.T.(P),1.025,11,0.471,9150,128.15,5.25,21.5,10557.5
300,SMB,WB,NO.4 W.B.T.(P),1.025,12,0.508,9860,128.15,5.75,21.5,10557.5
301,SMB,WB,NO.4 W.B.T.(P),1.025,13,0.545,10580,128.15,6.2,21.5,10557.5
302,SMB,WB,NO.4 W.B.T.(P),1.025,14,0.581,11280,128.15,6.67,21.5,10557.5
303,SMB,WB,NO.4 W.B.T.(P),1.025,15,0.618,12000,128.15,7.15,21.5,10557.5
304,SMB,WB,NO.4 W.B.T.(P),1.025,16,0.655,12720,128.15,7.6,21.5,10557.5
305,SMB,WB,NO.4 W.B.T.(P),1.025,17,0.694,13470,128.15,8.1,21.5,10557.5
306,SMB,WB,NO.4 W.B.T.(P),1.025,18,0.729,14150,128.15,8.55,21.5,10557.5
307,SMB,WB,NO.4 W.B.T.(P),1.025,19,0.766,14870,128.15,9.02,21.5,10557.5
308,SMB,WB,NO.4 W.B.T.(P),1.025,20,0.801,15550,128.15,9.53,21.5,10557.5
309,SMB,WB,NO.4 W.B.T.(P),1.025,21,0.837,16250,128.15,10,21.5,10557.5
310,SMB,WB,NO.4 W.B.T.(P),1.025,22,0.876,17000,128.15,10.5,21.5,10557.5
311,SMB,WB,NO.4 W.B.T.(P),1.025,23,0.914,17750,128.15,10.96,21.5,10557.5
312,SMB,WB,NO.4 W.B.T.(P),1.025,24,0.95,18450,128.15,11.47,21.5,10557.5
313,SMB,WB,NO.4 W.B.T.(P),1.025,25,0.987,19170,128.15,11.95,21.5,10557.5
314,SMB,WB,NO.4 W.B.T.(P),1.025,25.65,1,19416.5,128.15,12.11,21.5,0
315,SMB,WB,NO.4 W.B.T.(S),1.025,0,0,0,128.15,0,-21.5,14555
316,SMB,WB,NO.4 W.B.T.(S),1.025,1,0.044,850,128.15,0.5,-21.5,19013.75
317,SMB,WB,NO.4 W.B.T.(S),1.025,2,0.09,1750,128.15,1,-21.5,21012.5
318,SMB,WB,NO.4 W.B.T.(S),1.025,3,0.134,2600,128.15,1.55,-21.5,21166.25
319,SMB,WB,NO.4 W.B.T.(S),1.025,4,0.18,3500,128.15,2.02,-21.5,21274.9
320,SMB,WB,NO.4 W.B.T.(S),1.025,5,0.229,4450,128.15,2.55,-21.5,19423.75
321,SMB,WB,NO.4 W.B.T.(S),1.025,6,0.271,5260,128.15,3,-21.5,17527.5
322,SMB,WB,NO.4 W.B.T.(S),1.025,7,0.314,6100,128.15,3.5,-21.5,15785
323,SMB,WB,NO.4 W.B.T.(S),1.025,8,0.355,6900,128.15,3.93,-21.5,14298.75
324,SMB,WB,NO.4 W.B.T.(S),1.025,9,0.394,7650,128.15,4.4,-21.5,12761.25
325,SMB,WB,NO.4 W.B.T.(S),1.025,10,0.433,8400,128.15,4.85,-21.5,11377.5
326,SMB,WB,NO.4 W.B.T.(S),1.025,11,0.471,9150,128.15,5.25,-21.5,10557.5
327,SMB,WB,NO.4 W.B.T.(S),1.025,12,0.508,9860,128.15,5.75,-21.5,10557.5
328,SMB,WB,NO.4 W.B.T.(S),1.025,13,0.545,10580,128.15,6.2,-21.5,10557.5
329,SMB,WB,NO.4 W.B.T.(S),1.025,14,0.581,11280,128.15,6.67,-21.5,10557.5
330,SMB,WB,NO.4 W.B.T.(S),1.025,15,0.618,12000,128.15,7.15,-21.5,10557.5
331,SMB,WB,NO.4 W.B.T.(S),1.025,16,0.655,12720,128.15,7.6,-21.5,10557.5
332,SMB,WB,NO.4 W.B.T.(S),1.025,17,0.694,13470,128.15,8.1,-21.5,10557.5
333,SMB,WB,NO.4 W.B.T.(S),1.025,18,0.729,14150,128.15,8.55,-21.5,10557.5
334,SMB,WB,NO.4 W.B.T.(S),1.025,19,0.766,14870,128.15,9.02,-21.5,10557.5
335,SMB,WB,NO.4 W.B.T.(S),1.025,20,0.801,15550,128.15,9.53,-21.5,10557.5
336,SMB,WB,NO.4 W.B.T.(S),1.025,21,0.837,16250,128.15,10,-21.5,10557.5
337,SMB,WB,NO.4 W.B.T.(S),1.025,22,0.876,17000,128.15,10.5,-21.5,10557.5
338,SMB,WB,NO.4 W.B.T.(S),1.025,23,0.914,17750,128.15,10.96,-21.5,10557.5
339,SMB,WB,NO.4 W.B.T.(S),1.025,24,0.95,18450,128.15,11.47,-21.5,10557.5
340,SMB,WB,NO.4 W.B.T.(S),1.025,25,0.987,19170,128.15,11.95,-21.5,10557.5
341,SMB,WB,NO.4 W.B.T.(S),1.025,25.65,1,19416.5,128.15,12.11,-21.5,0
342,SMB,WB,NO.5 W.B.T.(P),1.025,0,0,0,76.31,0,20.5,1824.5
343,SMB,WB,NO.5 W.B.T.(P),1.025,1,0.022,350,76.31,0.52,20.5,7072.5
344,SMB,WB,NO.5 W.B.T.(P),1.025,2,0.054,850,76.31,1.1,20.5,10434.5
345,SMB,WB,NO.5 W.B.T.(P),1.025,3,0.089,1400,76.31,1.65,20.5,12812.5
346,SMB,WB,NO.5 W.B.T.(P),1.025,4,0.132,2080,76.31,2.22,20.5,14575.5
347,SMB,WB,NO.5 W.B.T.(P),1.025,5,0.171,2700,76.31,2.8,20.5,14789.73
348,SMB,WB,NO.5 W.B.T.(P),1.025,6,0.215,3400,76.31,3.33,20.5,14575.5
349,SMB,WB,NO.5 W.B.T.(P),1.025,7,0.263,4150,76.31,3.9,20.5,14329.5
350,SMB,WB,NO.5 W.B.T.(P),1.025,8,0.307,4850,76.31,4.4,20.5,13837.5
351,SMB,WB,NO.5 W.B.T.(P),1.025,9,0.352,5550,76.31,4.95,20.5,12997
352,SMB,WB,NO.5 W.B.T.(P),1.025,10,0.399,6300,76.31,5.45,20.5,12146.25
353,SMB,WB,NO.5 W.B.T.(P),1.025,11,0.447,7050,76.31,6,20.5,11531.25
354,SMB,WB,NO.5 W.B.T.(P),1.025,12,0.491,7750,76.31,6.5,20.5,11428.75
355,SMB,WB,NO.5 W.B.T.(P),1.025,13,0.539,8500,76.31,7.05,20.5,11480
356,SMB,WB,NO.5 W.B.T.(P),1.025,14,0.586,9250,76.31,7.58,20.5,11787.5
357,SMB,WB,NO.5 W.B.T.(P),1.025,15,0.634,10000,76.31,8.1,20.5,12095
358,SMB,WB,NO.5 W.B.T.(P),1.025,16,0.681,10750,76.31,8.65,20.5,12351.25
359,SMB,WB,NO.5 W.B.T.(P),1.025,17,0.732,11550,76.31,9.17,20.5,12505
360,SMB,WB,NO.5 W.B.T.(P),1.025,18,0.782,12350,76.31,9.7,20.5,12628
361,SMB,WB,NO.5 W.B.T.(P),1.025,19,0.817,12900,76.31,10.07,20.5,6816.25
362,SMB,WB,NO.5 W.B.T.(P),1.025,20,0.843,13300,76.31,10.37,20.5,6816.25
363,SMB,WB,NO.5 W.B.T.(P),1.025,21,0.874,13800,76.31,10.7,20.5,6816.25
364,SMB,WB,NO.5 W.B.T.(P),1.025,22,0.903,14250,76.31,11.08,20.5,6816.25
365,SMB,WB,NO.5 W.B.T.(P),1.025,23,0.931,14700,76.31,11.4,20.5,6816.25
366,SMB,WB,NO.5 W.B.T.(P),1.025,24,0.961,15170,76.31,11.77,20.5,6816.25
367,SMB,WB,NO.5 W.B.T.(P),1.025,25,0.988,15600,76.31,12.17,20.5,6816.25
368,SMB,WB,NO.5 W.B.T.(P),1.025,25.65,1,15783,76.31,12.28,20.5,0
369,SMB,WB,NO.5 W.B.T.(S),1.025,0,0,0,76.31,0,-20.5,1824.5
370,SMB,WB,NO.5 W.B.T.(S),1.025,1,0.022,350,76.31,0.52,-20.5,7072.5
371,SMB,WB,NO.5 W.B.T.(S),1.025,2,0.054,850,76.31,1.1,-20.5,10434.5
372,SMB,WB,NO.5 W.B.T.(S),1.025,3,0.089,1400,76.31,1.65,-20.5,12812.5
373,SMB,WB,NO.5 W.B.T.(S),1.025,4,0.132,2080,76.31,2.22,-20.5,14575.5
374,SMB,WB,NO.5 W.B.T.(S),1.025,5,0.171,2700,76.31,2.8,-20.5,14789.73
375,SMB,WB,NO.5 W.B.T.(S),1.025,6,0.215,3400,76.31,3.33,-20.5,14575.5
376,SMB,WB,NO.5 W.B.T.(S),1.025,7,0.263,4150,76.31,3.9,-20.5,14329.5
377,SMB,WB,NO.5 W.B.T.(S),1.025,8,0.307,4850,76.31,4.4,-20.5,13837.5
378,SMB,WB,NO.5 W.B.T.(S),1.025,9,0.352,5550,76.31,4.95,-20.5,12997
379,SMB,WB,NO.5 W.B.T.(S),1.025,10,0.399,6300,76.31,5.45,-20.5,12146.25
380,SMB,WB,NO.5 W.B.T.(S),1.025,11,0.447,7050,76.31,6,-20.5,11531.25
381,SMB,WB,NO.5 W.B.T.(S),1.025,12,0.491,7750,76.31,6.5,-20.5,11428.75
382,SMB,WB,NO.5 W.B.T.(S),1.025,13,0.539,8500,76.31,7.05,-20.5,11480
383,SMB,WB,NO.5 W.B.T.(S),1.025,14,0.586,9250,76.31,7.58,-20.5,11787.5
384,SMB,WB,NO.5 W.B.T.(S),1.025,15,0.634,10000,76.31,8.1,-20.5,12095
385,SMB,WB,NO.5 W.B.T.(S),1.025,16,0.681,10750,76.31,8.65,-20.5,12351.25
386,SMB,WB,NO.5 W.B.T.(S),1.025,17,0.732,11550,76.31,9.17,-20.5,12505
387,SMB,WB,NO.5 W.B.T.(S),1.025,18,0.782,12350,76.31,9.7,-20.5,12628
388,SMB,WB,NO.5 W.B.T.(S),1.025,19,0.817,12900,76.31,10.07,-20.5,6816.25
389,SMB,WB,NO.5 W.B.T.(S),1.025,20,0.843,13300,76.31,10.37,-20.5,6816.25
390,SMB,WB,NO.5 W.B.T.(S),1.025,21,0.874,13800,76.31,10.7,-20.5,6816.25
391,SMB,WB,NO.5 W.B.T.(S),1.025,22,0.903,14250,76.31,11.08,-20.5,6816.25
392,SMB,WB,NO.5 W.B.T.(S),1.025,23,0.931,14700,76.31,11.4,-20.5,6816.25
393,SMB,WB,NO.5 W.B.T.(S),1.025,24,0.961,15170,76.31,11.77,-20.5,6816.25
394,SMB,WB,NO.5 W.B.T.(S),1.025,25,0.988,15600,76.31,12.17,-20.5,6816.25
395,SMB,WB,NO.5 W.B.T.(S),1.025,25.65,1,15783,76.31,12.28,-20.5,0
396,SMB,WB,AFT PEAK T.(C),1.025,0,0,0,9.36,8.1,0,0
397,SMB,WB,AFT PEAK T.(C),1.025,1,0.003,3,9.36,8.6,0,0
398,SMB,WB,AFT PEAK T.(C),1.025,2,0.005,5,9.36,9.2,0,0
399,SMB,WB,AFT PEAK T.(C),1.025,3,0.01,10,9.36,10,0,51.25
400,SMB,WB,AFT PEAK T.(C),1.025,4,0.021,22,9.36,10.88,0,102.5
401,SMB,WB,AFT PEAK T.(C),1.025,5,0.054,56,9.36,11.78,0,205
402,SMB,WB,AFT PEAK T.(C),1.025,6,0.102,105,9.36,12.68,0,973.75
403,SMB,WB,AFT PEAK T.(C),1.025,7,0.179,185,9.36,13.55,0,2767.5
404,SMB,WB,AFT PEAK T.(C),1.025,8,0.301,310,9.36,14.38,0,5637.5
405,SMB,WB,AFT PEAK T.(C),1.025,9,0.443,457,9.36,15.1,0,9532.5
406,SMB,WB,AFT PEAK T.(C),1.025,10,0.616,635,9.36,15.78,0,14145
407,SMB,WB,AFT PEAK T.(C),1.025,11,0.81,835,9.36,16.45,0,18655
408,SMB,WB,AFT PEAK T.(C),1.025,11.9,1,1030.9,9.36,17.04,0,22248.65
409,SMB,WB,D. W. S. T.(P),1.025,0,0,0,54.97,18.3,0,42.54
410,SMB,WB,D. W. S. T.(P),1.025,1,0.138,63,54.97,18.8,0,45.41
411,SMB,WB,D. W. S. T.(P),1.025,2,0.285,130,54.97,19.34,0,47.66
412,SMB,WB,D. W. S. T.(P),1.025,3,0.428,195,54.97,19.84,0,49.2
413,SMB,WB,D. W. S. T.(P),1.025,4,0.577,263,54.97,20.35,0,50.02
414,SMB,WB,D. W. S. T.(P),1.025,5,0.724,330,54.97,20.85,0,50.23
415,SMB,WB,D. W. S. T.(P),1.025,6,0.873,398,54.97,21.38,0,50.02
416,SMB,WB,D. W. S. T.(P),1.025,6.92,1,455.7,54.97,21.77,0,0
417,SMB,WB,D. W. S. T.(S),1.025,0,0,0,54.97,18.3,0,42.54
418,SMB,WB,D. W. S. T.(S),1.025,1,0.138,63,54.97,18.8,0,45.41
419,SMB,WB,D. W. S. T.(S),1.025,2,0.285,130,54.97,19.34,0,47.66
420,SMB,WB,D. W. S. T.(S),1.025,3,0.428,195,54.97,19.84,0,49.2
421,SMB,WB,D. W. S. T.(S),1.025,4,0.577,263,54.97,20.35,0,50.02
422,SMB,WB,D. W. S. T.(S),1.025,5,0.724,330,54.97,20.85,0,50.23
423,SMB,WB,D. W. S. T.(S),1.025,6,0.873,398,54.97,21.38,0,50.02
424,SMB,WB,D. W. S. T.(S),1.025,6.92,1,455.7,54.97,21.77,0,0
425,SMB,FO,NO.1 FUEL OIL T.(P),0.96,0,0,0,54.18,18.3,0,2876.16
426,SMB,FO,NO.1 FUEL OIL T.(P),0.96,1,0.137,260,54.18,18.85,0,2876.16
427,SMB,FO,NO.1 FUEL OIL T.(P),0.96,2,0.28,530,54.18,19.3,0,2876.16
428,SMB,FO,NO.1 FUEL OIL T.(P),0.96,3,0.423,800,54.18,19.8,0,2876.16
429,SMB,FO,NO.1 FUEL OIL T.(P),0.96,4,0.56,1060,54.18,20.3,0,2876.16
430,SMB,FO,NO.1 FUEL OIL T.(P),0.96,5,0.703,1330,54.18,20.8,0,2876.16
431,SMB,FO,NO.1 FUEL OIL T.(P),0.96,6,0.841,1590,54.18,21.3,0,2876.16
432,SMB,FO,NO.1 FUEL OIL T.(P),0.96,7,0.978,1850,54.18,21.8,0,1536
433,SMB,FO,NO.1 FUEL OIL T.(P),0.96,7.4,1,1891.7,54.18,21.88,0,0
434,SMB,FO,NO.1 FUEL OIL T.(S),0.96,0,0,0,54.18,18.3,0,2876.16
435,SMB,FO,NO.1 FUEL OIL T.(S),0.96,1,0.137,260,54.18,18.85,0,2876.16
436,SMB,FO,NO.1 FUEL OIL T.(S),0.96,2,0.28,530,54.18,19.3,0,2876.16
437,SMB,FO,NO.1 FUEL OIL T.(S),0.96,3,0.423,800,54.18,19.8,0,2876.16
438,SMB,FO,NO.1 FUEL OIL T.(S),0.96,4,0.56,1060,54.18,20.3,0,2876.16
439,SMB,FO,NO.1 FUEL OIL T.(S),0.96,5,0.703,1330,54.18,20.8,0,2876.16
440,SMB,FO,NO.1 FUEL OIL T.(S),0.96,6,0.841,1590,54.18,21.3,0,2876.16
441,SMB,FO,NO.1 FUEL OIL T.(S),0.96,7,0.978,1850,54.18,21.8,0,1536
442,SMB,FO,NO.1 FUEL OIL T.(S),0.96,7.4,1,1891.7,54.18,21.88,0,0
443,SMB,FO,NO.2 FUEL OIL T.(P),0.96,0,0,0,32.14,11.25,0,67.2
444,SMB,FO,NO.2 FUEL OIL T.(P),0.96,1,0.006,15,32.14,11.93,0,96
445,SMB,FO,NO.2 FUEL OIL T.(P),0.96,2,0.025,60,32.14,12.58,0,163.2
446,SMB,FO,NO.2 FUEL OIL T.(P),0.96,3,0.049,120,32.14,13.18,0,259.2
447,SMB,FO,NO.2 FUEL OIL T.(P),0.96,4,0.082,200,32.14,13.7,0,451.2
448,SMB,FO,NO.2 FUEL OIL T.(P),0.96,5,0.125,305,32.14,14.5,0,816
449,SMB,FO,NO.2 FUEL OIL T.(P),0.96,6,0.188,460,32.14,15.25,0,1238.4
450,SMB,FO,NO.2 FUEL OIL T.(P),0.96,7,0.274,670,32.14,16,0,1824
451,SMB,FO,NO.2 FUEL OIL T.(P),0.96,8,0.369,900,32.14,16.77,0,2236.8
452,SMB,FO,NO.2 FUEL OIL T.(P),0.96,9,0.471,1150,32.14,17.38,0,2236.8
453,SMB,FO,NO.2 FUEL OIL T.(P),0.96,10,0.569,1390,32.14,18,0,2236.8
454,SMB,FO,NO.2 FUEL OIL T.(P),0.96,11,0.668,1630,32.14,18.55,0,2236.8
455,SMB,FO,NO.2 FUEL OIL T.(P),0.96,12,0.77,1880,32.14,19.1,0,2236.8
456,SMB,FO,NO.2 FUEL OIL T.(P),0.96,13,0.868,2120,32.14,19.6,0,2236.8
457,SMB,FO,NO.2 FUEL OIL T.(P),0.96,14,0.971,2370,32.14,20.15,0,2145.6
458,SMB,FO,NO.2 FUEL OIL T.(P),0.96,14.45,1,2441.4,32.14,20.29,0,0
459,SMB,FO,NO.2 FUEL OIL T.(S),0.96,0,0,0,33.74,11.25,0,19.2
460,SMB,FO,NO.2 FUEL OIL T.(S),0.96,1,0.008,15,33.74,11.95,0,91.2
461,SMB,FO,NO.2 FUEL OIL T.(S),0.96,2,0.034,63,33.74,12.55,0,172.8
462,SMB,FO,NO.2 FUEL OIL T.(S),0.96,3,0.065,122,33.74,13.15,0,273.6
463,SMB,FO,NO.2 FUEL OIL T.(S),0.96,4,0.105,196,33.74,13.72,0,460.8
464,SMB,FO,NO.2 FUEL OIL T.(S),0.96,5,0.166,310,33.74,14.5,0,830.4
465,SMB,FO,NO.2 FUEL OIL T.(S),0.96,6,0.249,467,33.74,15.22,0,1185.6
466,SMB,FO,NO.2 FUEL OIL T.(S),0.96,7,0.347,650,33.74,15.95,0,1608
467,SMB,FO,NO.2 FUEL OIL T.(S),0.96,8,0.454,850,33.74,16.65,0,1927.68
468,SMB,FO,NO.2 FUEL OIL T.(S),0.96,9,0.563,1055,33.74,17.22,0,1728
469,SMB,FO,NO.2 FUEL OIL T.(S),0.96,10,0.652,1222,33.74,17.72,0,1248
470,SMB,FO,NO.2 FUEL OIL T.(S),0.96,11,0.737,1380,33.74,18.17,0,1248
471,SMB,FO,NO.2 FUEL OIL T.(S),0.96,12,0.815,1527,33.74,18.6,0,1248
472,SMB,FO,NO.2 FUEL OIL T.(S),0.96,13,0.9,1685,33.74,19.1,0,1248
473,SMB,FO,NO.2 FUEL OIL T.(S),0.96,14,0.982,1840,33.74,19.55,0,1190.4
474,SMB,FO,NO.2 FUEL OIL T.(S),0.96,14.45,1,1872.9,33.74,19.67,0,0
475,SMB,DO,NO.1 DIESEL OIL T.(S),0.9,0,0,0,19.88,16.93,0,2.7
476,SMB,DO,NO.1 DIESEL OIL T.(S),0.9,1,0.069,9.5,19.88,17.53,0,20.7
477,SMB,DO,NO.1 DIESEL OIL T.(S),0.9,2,0.177,24.5,19.88,18.1,0,37.8
478,SMB,DO,NO.1 DIESEL OIL T.(S),0.9,3,0.3,41.5,19.88,18.6,0,37.8
479,SMB,DO,NO.1 DIESEL OIL T.(S),0.9,4,0.426,59,19.88,19.14,0,37.8
480,SMB,DO,NO.1 DIESEL OIL T.(S),0.9,5,0.549,76,19.88,19.68,0,37.8
481,SMB,DO,NO.1 DIESEL OIL T.(S),0.9,6,0.664,92,19.88,20.15,0,37.8
482,SMB,DO,NO.1 DIESEL OIL T.(S),0.9,7,0.791,109.6,19.88,20.65,0,37.8
483,SMB,DO,NO.1 DIESEL OIL T.(S),0.9,8,0.91,126,19.88,21.18,0,37.8
484,SMB,DO,NO.1 DIESEL OIL T.(S),0.9,8.83,1,138.5,19.88,21.51,0,0
485,SMB,DO,NO.2 DIESEL OIL T.(S),0.9,0,0,0,15.72,17.45,0,2.43
486,SMB,DO,NO.2 DIESEL OIL T.(S),0.9,1,0.062,9.5,15.72,18.1,0,16.92
487,SMB,DO,NO.2 DIESEL OIL T.(S),0.9,2,0.192,29.5,15.72,18.69,0,24.3
488,SMB,DO,NO.2 DIESEL OIL T.(S),0.9,3,0.322,49.5,15.72,19.22,0,24.3
489,SMB,DO,NO.2 DIESEL OIL T.(S),0.9,4,0.451,69.4,15.72,19.72,0,24.3
490,SMB,DO,NO.2 DIESEL OIL T.(S),0.9,5,0.582,89.5,15.72,20.22,0,24.3
491,SMB,DO,NO.2 DIESEL OIL T.(S),0.9,6,0.715,110,15.72,20.72,0,24.3
492,SMB,DO,NO.2 DIESEL OIL T.(S),0.9,7,0.845,130,15.72,21.22,0,24.3
493,SMB,DO,NO.2 DIESEL OIL T.(S),0.9,8,0.975,150,15.72,21.73,0,24.3
494,SMB,DO,NO.2 DIESEL OIL T.(S),0.9,8.25,1,153.8,15.72,21.82,0,0
495,SMB,FW,FRESH WATER T.(P),1,0,0,0,7.23,20,0,145
496,SMB,FW,FRESH WATER T.(P),1,1,0.164,50,7.23,20.5,0,190
497,SMB,FW,FRESH WATER T.(P),1,2,0.337,103,7.23,21.03,0,204
498,SMB,FW,FRESH WATER T.(P),1,3,0.518,158,7.23,21.55,0,220
499,SMB,FW,FRESH WATER T.(P),1,4,0.698,213,7.23,22.07,0,220
500,SMB,FW,FRESH WATER T.(P),1,5,0.878,268,7.23,22.56,0,220
501,SMB,FW,FRESH WATER T.(P),1,5.83,1,305.3,7.23,22.9,0,0
502,SMB,FW,FRESH WATER T.(S),1,0,0,0,7.23,20,0,145
503,SMB,FW,FRESH WATER T.(S),1,1,0.164,50,7.23,20.5,0,190
504,SMB,FW,FRESH WATER T.(S),1,2,0.337,103,7.23,21.03,0,204
505,SMB,FW,FRESH WATER T.(S),1,3,0.518,158,7.23,21.55,0,220
506,SMB,FW,FRESH WATER T.(S),1,4,0.698,213,7.23,22.07,0,220
507,SMB,FW,FRESH WATER T.(S),1,5,0.878,268,7.23,22.56,0,220
508,SMB,FW,FRESH WATER T.(S),1,5.83,1,305.3,7.23,22.9,0,0
509,SMB,FW,C. F. W. T.(C),1,0,0,0,11.09,3.5,0,3
510,SMB,FW,C. F. W. T.(C),1,1,0.167,6.96,11.09,3.54,0,4
511,SMB,FW,C. F. W. T.(C),1,2,0.333,13.92,11.09,3.58,0,5
512,SMB,FW,C. F. W. T.(C),1,3,0.5,20.88,11.09,3.62,0,6
513,SMB,FW,C. F. W. T.(C),1,4,0.666,27.84,11.09,3.66,0,6
514,SMB,FW,C. F. W. T.(C),1,5,0.833,34.8,11.09,3.7,0,6
515,SMB,FW,C. F. W. T.(C),1,5.83,1,41.8,11.09,3.74,0,0
516,SMB,LO,L. O. SUMP T.(C),0.9,0,0,0,28.93,1.59,0,33.3
517,SMB,LO,L. O. SUMP T.(C),0.9,1,0.167,7.5,28.93,1.61,0,36
518,SMB,LO,L. O. SUMP T.(C),0.9,2,0.333,15,28.93,1.63,0,37.8
519,SMB,LO,L. O. SUMP T.(C),0.9,3,0.5,22.5,28.93,1.65,0,40.5
520,SMB,LO,L. O. SUMP T.(C),0.9,4,0.667,30,28.93,1.67,0,40.5
521,SMB,LO,L. O. SUMP T.(C),0.9,5,0.833,37.5,28.93,1.69,0,40.5
522,SMB,LO,L. O. SUMP T.(C),0.9,5.83,1,45,28.93,1.71,0,0
523,SMB,FO,F. O. OVERFLOW T.(C),0.96,0,0,0,40.57,1.46,0,32.64
524,SMB,FO,F. O. OVERFLOW T.(C),0.96,1,0.167,9.02,40.57,1.48,0,35.52
525,SMB,FO,F. O. OVERFLOW T.(C),0.96,2,0.333,18.04,40.57,1.5,0,38.4
526,SMB,FO,F. O. OVERFLOW T.(C),0.96,3,0.5,27.06,40.57,1.52,0,41.28
527,SMB,FO,F. O. OVERFLOW T.(C),0.96,4,0.667,36.08,40.57,1.54,0,41.28
528,SMB,FO,F. O. OVERFLOW T.(C),0.96,5,0.834,45.1,40.57,1.56,0,41.28
529,SMB,FO,F. O. OVERFLOW T.(C),0.96,5.83,1,54.1,40.57,1.58,0,0
530,SMB,FO,NO.1 H.F.O. SETT.T.(S),0.96,0,0,0,41.4,22.76,0,11.52
531,SMB,FO,NO.1 H.F.O. SETT.T.(S),0.96,1,0.167,8.7,41.4,22.81,0,14.4
532,SMB,FO,NO.1 H.F.O. SETT.T.(S),0.96,2,0.333,17.4,41.4,22.86,0,17.28
533,SMB,FO,NO.1 H.F.O. SETT.T.(S),0.96,3,0.5,26.1,41.4,22.91,0,20.16
534,SMB,FO,NO.1 H.F.O. SETT.T.(S),0.96,4,0.667,34.8,41.4,22.96,0,20.16
535,SMB,FO,NO.1 H.F.O. SETT.T.(S),0.96,5,0.833,43.5,41.4,23.01,0,20.16
536,SMB,FO,NO.1 H.F.O. SETT.T.(S),0.96,5.83,1,52.2,41.4,23.06,0,0
537,SMB,FO,NO.2 H.F.O. SETT.T.(S),0.96,0,0,0,38.2,22.76,0,11.52
538,SMB,FO,NO.2 H.F.O. SETT.T.(S),0.96,1,0.167,8.7,38.2,22.81,0,14.4
539,SMB,FO,NO.2 H.F.O. SETT.T.(S),0.96,2,0.333,17.4,38.2,22.86,0,17.28
540,SMB,FO,NO.2 H.F.O. SETT.T.(S),0.96,3,0.5,26.1,38.2,22.91,0,20.16
541,SMB,FO,NO.2 H.F.O. SETT.T.(S),0.96,4,0.667,34.8,38.2,22.96,0,20.16
542,SMB,FO,NO.2 H.F.O. SETT.T.(S),0.96,5,0.833,43.5,38.2,23.01,0,20.16
543,SMB,FO,NO.2 H.F.O. SETT.T.(S),0.96,5.83,1,52.2,38.2,23.06,0,0
544,SMB,FO,NO.1 H.F.O.SERV.T.(S),0.96,0,0,0,35,22.76,0,11.52
545,SMB,FO,NO.1 H.F.O.SERV.T.(S),0.96,1,0.167,9.33,35,22.81,0,14.4
546,SMB,FO,NO.1 H.F.O.SERV.T.(S),0.96,2,0.333,18.66,35,22.86,0,17.28
547,SMB,FO,NO.1 H.F.O.SERV.T.(S),0.96,3,0.5,27.99,35,22.91,0,20.16
548,SMB,FO,NO.1 H.F.O.SERV.T.(S),0.96,4,0.666,37.32,35,22.96,0,20.16
549,SMB,FO,NO.1 H.F.O.SERV.T.(S),0.96,5,0.833,46.65,35,23.01,0,20.16
550,SMB,FO,NO.1 H.F.O.SERV.T.(S),0.96,5.83,1,56,35,23.06,0,0
551,SMB,FO,NO.2 H.F.O. SERV.T.(S),0.96,0,0,0,31.8,22.76,0,11.52
552,SMB,FO,NO.2 H.F.O. SERV.T.(S),0.96,1,0.167,9.33,31.8,22.81,0,14.4
553,SMB,FO,NO.2 H.F.O. SERV.T.(S),0.96,2,0.333,18.66,31.8,22.86,0,17.28
554,SMB,FO,NO.2 H.F.O. SERV.T.(S),0.96,3,0.5,27.99,31.8,22.91,0,20.16
555,SMB,FO,NO.2 H.F.O. SERV.T.(S),0.96,4,0.666,37.32,31.8,22.96,0,20.16
556,SMB,FO,NO.2 H.F.O. SERV.T.(S),0.96,5,0.833,46.65,31.8,23.01,0,20.16
557,SMB,FO,NO.2 H.F.O. SERV.T.(S),0.96,5.83,1,56,31.8,23.06,0,0
558,SMB,MISC,SEWAGE HOLDING T.(P),1,0,0,0,32.67,1.58,0,29
559,SMB,MISC,SEWAGE HOLDING T.(P),1,1,0.167,5.98,32.67,1.63,0,32
560,SMB,MISC,SEWAGE HOLDING T.(P),1,2,0.333,11.96,32.67,1.68,0,35
561,SMB,MISC,SEWAGE HOLDING T.(P),1,3,0.5,17.94,32.67,1.73,0,38
562,SMB,MISC,SEWAGE HOLDING T.(P),1,4,0.666,23.92,32.67,1.78,0,38
563,SMB,MISC,SEWAGE HOLDING T.(P),1,5,0.833,29.9,32.67,1.83,0,38
564,SMB,MISC,SEWAGE HOLDING T.(P),1,5.83,1,35.9,32.67,1.88,0,0
565,SMB,MISC,BILGE SEP.OIL T.(P),1,0,0,0,28.18,1.67,0,20
566,SMB,MISC,BILGE SEP.OIL T.(P),1,1,0.167,7.67,28.18,1.72,0,23
567,SMB,MISC,BILGE SEP.OIL T.(P),1,2,0.333,15.34,28.18,1.77,0,26
568,SMB,MISC,BILGE SEP.OIL T.(P),1,3,0.5,23.01,28.18,1.82,0,29
569,SMB,MISC,BILGE SEP.OIL T.(P),1,4,0.667,30.68,28.18,1.87,0,29
570,SMB,MISC,BILGE SEP.OIL T.(P),1,5,0.834,38.35,28.18,1.92,0,29
571,SMB,MISC,BILGE SEP.OIL T.(P),1,5.83,1,46,28.18,1.97,0,0
572,SMB,MISC,CLEAN DRAIN T.(C),1,0,0,0,19.07,1.5,0,98
573,SMB,MISC,CLEAN DRAIN T.(C),1,1,0.167,9.45,19.07,1.55,0,101
574,SMB,MISC,CLEAN DRAIN T.(C),1,2,0.333,18.9,19.07,1.6,0,104
575,SMB,MISC,CLEAN DRAIN T.(C),1,3,0.5,28.35,19.07,1.65,0,107
576,SMB,MISC,CLEAN DRAIN T.(C),1,4,0.667,37.8,19.07,1.7,0,107
577,SMB,MISC,CLEAN DRAIN T.(C),1,5,0.833,47.25,19.07,1.75,0,107
578,SMB,MISC,CLEAN DRAIN T.(C),1,5.83,1,56.7,19.07,1.8,0,0
579,SMB,MISC,BILGE T(C),1,0,0,0,15.38,1.39,0,36
580,SMB,MISC,BILGE T(C),1,1,0.167,7.72,15.38,1.44,0,39
581,SMB,MISC,BILGE T(C),1,2,0.333,15.44,15.38,1.49,0,42
582,SMB,MISC,BILGE T(C),1,3,0.5,23.16,15.38,1.54,0,45
583,SMB,MISC,BILGE T(C),1,4,0.667,30.88,15.38,1.59,0,45
584,SMB,MISC,BILGE T(C),1,5,0.834,38.6,15.38,1.64,0,45
585,SMB,MISC,BILGE T(C),1,5.83,1,46.3,15.38,1.69,0,0
586,SMB,WC,DEADWEIGHT CONSTANT,1,0,0,550,39.35,16.23,0,0
587,SMB,FW,D. W. S. T.(P),1,0,0,0,54.97,18.3,0,41.5
588,SMB,FW,D. W. S. T.(P),1,1,0.138,63,54.97,18.8,0,44.3
589,SMB,FW,D. W. S. T.(P),1,2,0.285,130,54.97,19.34,0,46.5
590,SMB,FW,D. W. S. T.(P),1,3,0.428,195,54.97,19.84,0,48
591,SMB,FW,D. W. S. T.(P),1,4,0.577,263,54.97,20.35,0,48.8
592,SMB,FW,D. W. S. T.(P),1,5,0.724,330,54.97,20.85,0,49
593,SMB,FW,D. W. S. T.(P),1,6,0.873,398,54.97,21.38,0,48.8
594,SMB,FW,D. W. S. T.(P),1,6.92,1,455.7,54.97,21.77,0,0
595,SMB,FW,D. W. S. T.(S),1,0,0,0,54.97,18.3,0,41.5
596,SMB,FW,D. W. S. T.(S),1,1,0.138,63,54.97,18.8,0,44.3
597,SMB,FW,D. W. S. T.(S),1,2,0.285,130,54.97,19.34,0,46.5
598,SMB,FW,D. W. S. T.(S),1,3,0.428,195,54.97,19.84,0,48
599,SMB,FW,D. W. S. T.(S),1,4,0.577,263,54.97,20.35,0,48.8
600,SMB,FW,D. W. S. T.(S),1,5,0.724,330,54.97,20.85,0,49
601,SMB,FW,D. W. S. T.(S),1,6,0.873,398,54.97,21.38,0,48.8
602,SMB,FW,D. W. S. T.(S),1,6.92,1,455.7,54.97,21.77,0,0
